﻿Year,Rank,1,2,3,4,5,6,7,8,9,10,11,12,13,14,15,16,17,18,19,20,21,22,23,24,25
2002,Institutions,University of Southern California,New York University,Columbia University,Purdue University  West Lafayette,University of Texas  Austin,University of Michigan  Ann Arbor,University of Illinois  UrbanaChampaign,Boston University,University of Wisconsin  Madison,Ohio State University  Columbus,University of California  Los Angeles,University of Pennsylvania,Florida International University,University of Maryland  College Park,Texas A&M University  College Station,Pennsylvania State University  University Park,SUNY University at Buffalo,University of Florida,Houston Community College System,Indiana University  Bloomington,Harvard University,University of Houston,University of Minnesota  Twin Cities,Arizona State University  Tempe,Wayne State University
2002,City,Los Angeles,New York,New York,West Lafayette,Austin,Ann Arbor,Champaign,Boston,Madison,Columbus,Los Angeles,Philadelphia,Miami,College Park,College Station,University Park,Buffalo,Gainesville,Houston,Bloomington,Cambridge,Houston,Minneapolis,Tempe,Detroit
2002,State,CA,NY,NY,IN,TX,MI,IL,MA,WI,OH,CA,PA,FL,MD,TX,PA,NY,FL,TX,IN,MA,TX,MN,AZ,MI
2002,Int'l Students,6270,5454,5148,5015,4926,4601,4555,4518,4396,4334,3927,3856,3741,3734,3702,3681,3628,3547,3507,3495,3459,3358,3351,3268,3224
2003,Rank,1,2,3,4,5,6,7,8,9,10,11,12,13,14,15,16,17,18,19,20,21,22,23,24,25
2003,Institutions,University of Southern California,Columbia University,Purdue University  West Lafayette,New York University,University of Texas  Austin,University of Illinois  UrbanaChampaign,University of Michigan  Ann Arbor,Boston University,University of California  Los Angeles,Ohio State University  Columbus,Texas A&M University  College Station,University of Maryland  College Park,Indiana University  Bloomington,Pennsylvania State University  University Park,SUNY University at Buffalo,University of Pennsylvania,University of Wisconsin  Madison,Harvard University,Florida International University,University of Houston,University of Minnesota  Twin Cities,Michigan State University,Wayne State University,University of Florida,Arizona State University  Tempe
2003,City,Los Angeles,New York,West Lafayette,New York,Austin,Champaign,Ann Arbor,Boston,Los Angeles,Columbus,College Station,College Park,Bloomington,University Park,Buffalo,Philadelphia,Madison,Cambridge,Miami,Houston,Minneapolis,East Lansing,Detroit,Gainesville,Tempe
2003,State,CA,NY,IN,NY,TX,IL,MI,MA,CA,OH,TX,MD,IN,PA,NY,PA,WI,MA,FL,TX,MN,MI,MI,FL,AZ
2003,Int'l Students,6647,5362,5094,5070,4827,4769,4583,4518,4320,4263,3815,3726,3715,3693,3664,3557,3435,3403,3397,3368,3357,3277,3271,3157,3038
2004,Rank,1,2,3,4,5,6,7,8,9,10,11,12,13,14,15,16,17,18,19,20,21,22,23,24,25
2004,Institutions,University of Southern California,University of Illinois  UrbanaChampaign,University of Texas  Austin,Columbia University,New York University,Purdue University  West Lafayette,University of Michigan  Ann Arbor,Boston University,University of California  Los Angeles,Ohio State University  Columbus,SUNY University at Buffalo,University of Wisconsin  Madison,Texas A&M University  College Station,University of Pennsylvania,Houston Community College System,University of Maryland  College Park,Harvard University,Indiana University  Bloomington,University of Florida,University of Houston,Michigan State University,University of Minnesota  Twin Cities,Pennsylvania State University  University Park,Florida International University,Cornell University
2004,City,Los Angeles,Champaign,Austin,New York,New York,West Lafayette,Ann Arbor,Boston,Los Angeles,Columbus,Buffalo,Madison,College Station,Philadelphia,Houston,College Park,Cambridge,Bloomington,Gainesville,Houston,East Lansing,Minneapolis,University Park,Miami,Ithaca
2004,State,CA,IL,TX,NY,NY,IN,MI,MA,CA,OH,NY,WI,TX,PA,TX,MD,MA,IN,FL,TX,MI,MN,PA,FL,NY
2004,Int'l Students,6846,5560,5333,5278,5140,4921,4632,4541,4217,4140,3965,3941,3721,3712,3702,3646,3546,3525,3492,3326,3315,3302,3237,3155,3119
2005,Rank,1,2,3,4,5,6,7,8,9,10,11,12,13,14,15,16,17,18,19,20,21,22,23,24,25
2005,Institutions,University of Southern California,Columbia University,Purdue University  West Lafayette,New York University,University of Texas  Austin,University of Illinois  UrbanaChampaign,University of Michigan  Ann Arbor,Boston University,Ohio State University  Columbus,SUNY University at Buffalo,University of California  Los Angeles,University of Florida,Cornell University,University of Pennsylvania,Harvard University,Texas A&M University  College Station,Indiana University  Bloomington,University of Maryland  College Park,University of Houston,University of Minnesota  Twin Cities,University of Wisconsin  Madison,Michigan State University,Houston Community College System,Stanford University,Pennsylvania State University  University Park
2005,City,Los Angeles,New York,West Lafayette,New York,Austin,Champaign,Ann Arbor,Boston,Columbus,Buffalo,Los Angeles,Gainesville,Ithaca,Philadelphia,Cambridge,College Station,Bloomington,College Park,Houston,Minneapolis,Madison,East Lansing,Houston,Stanford,University Park
2005,State,CA,NY,IN,NY,TX,IL,MI,MA,OH,NY,CA,FL,NY,PA,MA,TX,IN,MD,TX,MN,WI,MI,TX,CA,PA
2005,Int'l Students,6881,5575,5540,5502,5395,4904,4649,4542,4476,4072,3979,3749,3697,3689,3669,3589,3540,3476,3413,3384,3381,3293,3227,3200,3199
2006,Rank,1,2,3,4,5,6,7,8,9,10,10,12,13,14,15,16,17,18,19,20,21,22,23,24,25
2006,Institutions,University of Southern California,Columbia University,New York University,University of Illinois  UrbanaChampaign,Purdue University  West Lafayette,University of Michigan  Ann Arbor,University of Texas  Austin,University of California  Los Angeles,Harvard University,Boston University,University of Pennsylvania,Ohio State University  Columbus,SUNY University at Buffalo,Arizona State University  Tempe,Indiana University  Bloomington,Michigan State University,University of Florida,Texas A&M University  College Station,University of Wisconsin  Madison,Stanford University,Cornell University,University of Minnesota  Twin Cities,Pennsylvania State University  University Park,University of Maryland  College Park,Houston Community College System
2006,City,Los Angeles,New York,New York,Champaign,West Lafayette,Ann Arbor,Austin,Los Angeles,Cambridge,Boston,Philadelphia,Columbus,Buffalo,Tempe,Bloomington,East Lansing,Gainesville,College Station,Madison,Stanford,Ithaca,Minneapolis,University Park,College Park,Houston
2006,State,CA,NY,NY,IL,IN,MI,TX,CA,MA,MA,PA,OH,NY,AZ,IN,MI,FL,TX,WI,CA,NY,MN,PA,MD,TX
2006,Int'l Students,7115,5937,5827,5685,5581,5429,5303,4704,4514,4484,4484,4345,4103,4062,3976,3968,3921,3857,3829,3751,3746,3701,3681,3476,3378
2007,Rank,1,2,3,4,5,6,7,8,9,10,11,12,13,14,15,16,17,18,19,20,21,22,23,24,25
2007,Institutions,University of Southern California,New York University,Columbia University,University of Illinois  UrbanaChampaign,Purdue University  West Lafayette,University of Michigan  Ann Arbor,University of California  Los Angeles,University of Texas  Austin,Harvard University,Boston University,University of Pennsylvania,SUNY University at Buffalo,Indiana University  Bloomington,Ohio State University  Columbus,Michigan State University,University of Florida,Texas A&M University  College Station,Arizona State University  Tempe,Cornell University,University of Wisconsin  Madison,Stanford University,Pennsylvania State University  University Park,University of Minnesota  Twin Cities,Georgia Institute of Technology,University of Houston
2007,City,Los Angeles,New York,New York,Champaign,West Lafayette,Ann Arbor,Los Angeles,Austin,Cambridge,Boston,Philadelphia,Buffalo,Bloomington,Columbus,East Lansing,Gainesville,College Station,Tempe,Ithaca,Madison,Stanford,University Park,Minneapolis,Atlanta,Houston
2007,State,CA,NY,NY,IL,IN,MI,CA,TX,MA,MA,PA,NY,IN,OH,MI,FL,TX,AZ,NY,WI,CA,PA,MN,GA,TX
2007,Int'l Students,7189,6404,6297,5933,5772,5748,5557,5550,4948,4789,4610,4363,4287,4259,4244,4228,4094,3979,3928,3910,3898,3860,3756,3616,3420
2008,Rank,1,2,3,4,5,6,7,8,9,10,11,12,13,14,15,16,17,18,19,20,21,22,23,24,25
2008,Institutions,University of Southern California,New York University,Columbia University,University of Illinois  UrbanaChampaign,Purdue University  West Lafayette,University of Michigan  Ann Arbor,University of Texas  Austin,University of California  Los Angeles,Boston University,Michigan State University,Harvard University,University of Florida,University of Pennsylvania,Ohio State University  Columbus,Indiana University  Bloomington,Texas A&M University  College Station,SUNY University at Buffalo,Arizona State University  Tempe,University of Wisconsin  Madison,University of Minnesota  Twin Cities,Cornell University,Stanford University,Georgia Institute of Technology,University of Houston,Pennsylvania State University  University Park
2008,City,Los Angeles,New York,New York,Champaign,West Lafayette,Ann Arbor,Austin,Los Angeles,Boston,East Lansing,Cambridge,Gainesville,Philadelphia,Columbus,Bloomington,College Station,Buffalo,Tempe,Madison,Minneapolis,Ithaca,Stanford,Atlanta,Houston,University Park
2008,State,CA,NY,NY,IL,IN,MI,TX,CA,MA,MI,MA,FL,PA,OH,IN,TX,NY,AZ,WI,MN,NY,CA,GA,TX,PA
2008,Int'l Students,7482,6761,6685,6570,6136,5790,5703,5590,5037,4757,4735,4731,4635,4583,4565,4558,4539,4375,4243,4120,4018,3976,3911,3778,3741
2009,Rank,1,2,3,4,5,6,7,8,9,10,11,12,13,14,15,16,17,18,19,20,21,22,23,24,25
2009,Institutions,University of Southern California,University of Illinois  UrbanaChampaign,New York University,Purdue University  West Lafayette,Columbia University,Houston Community College System,University of Michigan  Ann Arbor,University of California  Los Angeles,Michigan State University,University of Texas  Austin,Boston University,University of Florida,SUNY University at Buffalo,Harvard University,Indiana University  Bloomington,Ohio State University  Columbus,University of Minnesota  Twin Cities,Texas A&M University  College Station,Pennsylvania State University  University Park,University of Pennsylvania,Arizona State University  Tempe,University of Wisconsin  Madison,Cornell University,University of Houston,Georgia Institute of Technology
2009,City,Los Angeles,Champaign,New York,West Lafayette,New York,Houston,Ann Arbor,Los Angeles,East Lansing,Austin,Boston,Gainesville,Buffalo,Cambridge,Bloomington,Columbus,Minneapolis,College Station,University Park,Philadelphia,Tempe,Madison,Ithaca,Houston,Atlanta
2009,State,CA,IL,NY,IN,NY,TX,MI,CA,MI,TX,MA,FL,NY,MA,IN,OH,MN,TX,PA,PA,AZ,WI,NY,TX,GA
2009,Int'l Students,7987,7287,7276,6903,6833,6125,6095,5685,5358,5265,5172,4920,4911,4867,4819,4796,4665,4611,4561,4522,4483,4312,4115,4103,4030
2010,Rank,1,2,3,4,5,6,7,8,9,10,11,12,13,14,15,16,17,18,19,20,21,22,23,24,25
2010,Institutions,University of Southern California,University of Illinois  UrbanaChampaign,New York University,Purdue University  West Lafayette,Columbia University,University of California  Los Angeles,Ohio State University  Columbus,University of Michigan  Ann Arbor,Michigan State University,Harvard University,Indiana University  Bloomington,Boston University,University of Florida,University of Texas  Austin,Pennsylvania State University  University Park,Northeastern University  Boston,SUNY University at Buffalo,University of Minnesota  Twin Cities,Georgia Institute of Technology,Arizona State University  Tempe,Texas A&M University  College Station,University of Pennsylvania,University of Wisconsin  Madison,University of Houston,Cornell University
2010,City,Los Angeles,Champaign,New York,West Lafayette,New York,Los Angeles,Columbus,Ann Arbor,East Lansing,Cambridge,Bloomington,Boston,Gainesville,Austin,University Park,Boston,Buffalo,Minneapolis,Atlanta,Tempe,College Station,Philadelphia,Madison,Houston,Ithaca
2010,State,CA,IL,NY,IN,NY,CA,OH,MI,MI,MA,IN,MA,FL,TX,PA,MA,NY,MN,GA,AZ,TX,PA,WI,TX,NY
2010,Int'l Students,8615,7991,7988,7562,7297,6249,6082,5995,5748,5594,5471,5464,5393,5323,5207,5187,5185,5124,4943,4934,4874,4752,4647,4377,4357
2011,Rank,1,2,3,4,5,6,7,8,9,10,11,12,13,14,15,16,17,18,19,20,21,22,23,24,25
2011,Institutions,University of Southern California,University of Illinois  UrbanaChampaign,New York University,Purdue University  West Lafayette,Columbia University,University of California  Los Angeles,Northeastern University  Boston,University of Michigan  Ann Arbor,Michigan State University,Ohio State University  Columbus,Indiana University  Bloomington,Pennsylvania State University  University Park,Boston University,University of Minnesota  Twin Cities,Arizona State University  Tempe,University of Florida,Harvard University,University of Washington,SUNY University at Buffalo,University of Texas  Austin,University of Pennsylvania,Texas A&M University  College Station,University of California  Berkeley,Georgia Institute of Technology,University of Houston
2011,City,Los Angeles,Champaign,New York,West Lafayette,New York,Los Angeles,Boston,Ann Arbor,East Lansing,Columbus,Bloomington,University Park,Boston,Minneapolis,Tempe,Gainesville,Cambridge,Seattle,Buffalo,Austin,Philadelphia,College Station,Berkeley,Atlanta,Houston
2011,State,CA,IL,NY,IN,NY,CA,MA,MI,MI,OH,IN,PA,MA,MN,AZ,FL,MA,WA,NY,TX,PA,TX,CA,GA,TX
2011,Int'l Students,9269,8997,8660,8563,8024,6703,6486,6382,6209,6142,6123,6075,6041,5661,5616,5588,5453,5372,5357,5324,5296,5013,5004,4973,4879
2012,Rank,1,2,3,4,5,6,7,8,9,10,11,12,13,14,15,16,17,18,19,20,21,22,23,24,25
2012,Institutions,University of Southern California,University of Illinois  UrbanaChampaign,Purdue University  West Lafayette,New York University,Columbia University,University of California  Los Angeles,Northeastern University  Boston,University of Michigan  Ann Arbor,Michigan State University,Pennsylvania State University  University Park,Arizona State University  Tempe,Boston University,Indiana University  Bloomington,University of Washington,Ohio State University  Columbus,University of Minnesota  Twin Cities,University of Florida,SUNY University at Buffalo,University of Pennsylvania,University of California  Berkeley,University of Texas  Austin,Houston Community College System,University of Wisconsin  Madison,University of Texas  Dallas,Texas A&M University  College Station
2012,City,Los Angeles,Champaign,West Lafayette,New York,New York,Los Angeles,Boston,Ann Arbor,East Lansing,University Park,Tempe,Boston,Bloomington,Seattle,Columbus,Minneapolis,Gainesville,Buffalo,Philadelphia,Berkeley,Austin,Houston,Madison,Richardson,College Station
2012,State,CA,IL,IN,NY,NY,CA,MA,MI,MI,PA,AZ,MA,IN,WA,OH,MN,FL,NY,PA,CA,TX,TX,WI,TX,TX
2012,Int'l Students,9840,9804,9509,9362,8797,8424,7705,6827,6759,6693,6645,6615,6547,6491,6478,6178,5961,5804,5751,5632,5481,5333,5291,5193,5149
2013,Rank,1,2,3,4,5,6,7,8,9,10,11,12,13,14,15,16,17,18,19,20,21,22,23,24,25
2013,Institutions,New York University,University of Southern California,University of Illinois  UrbanaChampaign,Columbia University,Purdue University  West Lafayette,University of California  Los Angeles,Northeastern University  Boston,Arizona State University  Tempe,Michigan State University,University of Washington,University of Michigan  Ann Arbor,Boston University,Pennsylvania State University  University Park,Ohio State University  Columbus,Indiana University  Bloomington,University of Minnesota  Twin Cities,SUNY University at Buffalo,University of California  Berkeley,University of Texas  Dallas,University of Florida,University of Pennsylvania,University of Wisconsin  Madison,University of Texas  Austin,Texas A&M University  College Station,Carnegie Mellon University
2013,City,New York,Los Angeles,Champaign,New York,West Lafayette,Los Angeles,Boston,Tempe,East Lansing,Seattle,Ann Arbor,Boston,University Park,Columbus,Bloomington,Minneapolis,Buffalo,Berkeley,Richardson,Gainesville,Philadelphia,Madison,Austin,College Station,Pittsburgh
2013,State,NY,CA,IL,NY,IN,CA,MA,AZ,MI,WA,MI,MA,PA,OH,IN,MN,NY,CA,TX,FL,PA,WI,TX,TX,PA
2013,Int'l Students,11164,10932,10843,10486,9988,9579,9078,8683,7704,7469,7273,7143,7024,6800,6661,6621,6594,6372,6296,6135,6024,5718,5663,5582,5501
2014,Rank,1,2,3,4,5,6,7,8,9,10,11,12,13,14,15,16,17,18,19,20,21,22,23,24,25
2014,Institutions,New York University,University of Southern California,Columbia University,Arizona State University  Tempe,University of Illinois  UrbanaChampaign,Northeastern University  Boston,Purdue University  West Lafayette,University of California  Los Angeles,Michigan State University,University of Washington,Boston University,Pennsylvania State University  University Park,University of Michigan  Ann Arbor,Ohio State University  Columbus,University of Texas  Dallas,Indiana University  Bloomington,University of Minnesota  Twin Cities,University of California  Berkeley,SUNY University at Buffalo,Texas A&M University  College Station,Carnegie Mellon University,University of Pennsylvania,University of Florida,University of Wisconsin  Madison,University of Texas  Austin
2014,City,New York,Los Angeles,New York,Tempe,Champaign,Boston,West Lafayette,Los Angeles,East Lansing,Seattle,Boston,University Park,Ann Arbor,Columbus,Richardson,Bloomington,Minneapolis,Berkeley,Buffalo,College Station,Pittsburgh,Philadelphia,Gainesville,Madison,Austin
2014,State,NY,CA,NY,AZ,IL,MA,IN,CA,MI,WA,MA,PA,MI,OH,TX,IN,MN,CA,NY,TX,PA,PA,FL,WI,TX
2014,Int'l Students,13178,12334,11510,11330,11223,10559,10230,10209,8146,8035,7860,7728,7423,7121,7064,7009,6984,6874,6852,6690,6198,6167,6148,5977,5947
2015,Rank,1,2,3,4,5,6,7,8,9,10,11,12,13,14,15,16,17,18,19,20,21,22,23,24,25
2015,Institutions,New York University,University of Southern California,Arizona State University  Tempe,Columbia University,University of Illinois  UrbanaChampaign,Northeastern University  Boston,University of California  Los Angeles,Purdue University  West Lafayette,Boston University,University of Washington,Michigan State University,University of Texas  Dallas,Pennsylvania State University  University Park,University of Michigan  Ann Arbor,University of California  San Diego,University of California  Berkeley,Indiana University  Bloomington,Ohio State University  Columbus,Carnegie Mellon University,University of Minnesota  Twin Cities,SUNY University at Buffalo,Texas A&M University  College Station,University of Florida,University of Wisconsin  Madison,University of Pennsylvania
2015,City,New York,Los Angeles,Tempe,New York,Champaign,Boston,Los Angeles,West Lafayette,Boston,Seattle,East Lansing,Richardson,University Park,Ann Arbor,La Jolla,Berkeley,Bloomington,Columbus,Pittsburgh,Minneapolis,Buffalo,College Station,Gainesville,Madison,Philadelphia
2015,State,NY,CA,AZ,NY,IL,MA,CA,IN,MA,WA,MI,TX,PA,MI,CA,CA,IN,OH,PA,MN,NY,TX,FL,WI,PA
2015,Int'l Students,15543,13340,12751,12740,12085,11702,11513,10563,8455,8259,8256,8145,8084,7630,7556,7313,7159,7117,7051,7037,7026,6940,6751,6440,6221
2016,Rank,1,2,3,4,5,6,7,8,9,10,11,12,13,14,15,16,17,18,19,20,21,22,23,24,25
2016,Institutions,New York University,University of Southern California,Columbia University,Northeastern University  Boston,Arizona State University  Tempe,University of Illinois  UrbanaChampaign,University of California  Los Angeles,Purdue University  West Lafayette,University of Texas  Dallas,Pennsylvania State University  University Park,University of California  San Diego,Boston University,University of Michigan  Ann Arbor,University of Washington,University of California  Berkeley,Michigan State University,Ohio State University  Columbus,Carnegie Mellon University,Indiana University  Bloomington,University of Texas  Arlington,SUNY University at Buffalo,University of Minnesota  Twin Cities,University of Florida,Texas A&M University  College Station,University of California  Irvine
2016,City,New York,Los Angeles,New York,Boston,Tempe,Champaign,Los Angeles,West Lafayette,Richardson,University Park,La Jolla,Boston,Ann Arbor,Seattle,Berkeley,East Lansing,Columbus,Pittsburgh,Bloomington,Arlington,Buffalo,Minneapolis,Gainesville,College Station,Irvine
2016,State,NY,CA,NY,MA,AZ,IL,CA,IN,TX,PA,CA,MA,MI,WA,CA,MI,OH,PA,IN,TX,NY,MN,FL,TX,CA
2016,Int'l Students,17326,14327,14096,13201,13164,12454,12199,11288,9305,9134,9065,8992,8163,8019,8000,7779,7684,7653,7502,7277,7252,7197,7107,6960,6792
2017,Rank,1,2,3,4,5,6,7,8,9,10,11,12,13,14,15,16,17,18,19,20,21,22,23,24,25
2017,Institutions,New York University,University of Southern California,Northeastern University  Boston,Columbia University,Arizona State University  Tempe,University of Illinois  UrbanaChampaign,University of California  Los Angeles,Purdue University  West Lafayette,University of California  San Diego,Boston University,University of Texas  Dallas,University of California  Berkeley,University of Washington,Pennsylvania State University  University Park,Carnegie Mellon University,University of Michigan  Ann Arbor,University of California  Irvine,Michigan State University,Indiana University  Bloomington,University of California  Davis,University of Minnesota  Twin Cities,SUNY University at Buffalo,Ohio State University  Columbus,University of Wisconsin  Madison,Texas A&M University  College Station
2017,City,New York,Los Angeles,Boston,New York,Tempe,Champaign,Los Angeles,West Lafayette,La Jolla,Boston,Richardson,Berkeley,Seattle,University Park,Pittsburgh,Ann Arbor,Irvine,East Lansing,Bloomington,Davis,Minneapolis,Buffalo,Columbus,Madison,College Station
2017,State,NY,CA,MA,NY,AZ,IL,CA,IN,CA,MA,TX,CA,WA,PA,PA,MI,CA,MI,IN,CA,MN,NY,OH,WI,TX
2017,Int'l Students,17552,16075,14905,14615,13459,13445,12017,11044,9883,9742,9713,9331,8902,8636,8604,8442,7902,7624,7343,7316,7212,7126,7110,7080,6894
2018,Rank,1,2,3,4,5,6,7,8,9,10,11,12,13,14,15,16,17,18,19,20,21,22,23,24,25
2018,Institutions,New York University,University of Southern California,Northeastern University  Boston,Columbia University,University of Illinois  UrbanaChampaign,Arizona State University  Tempe,University of California  Los Angeles,Purdue University  West Lafayette,University of California  San Diego,Boston University,University of California  Berkeley,University of Texas  Dallas,Pennsylvania State University  University Park,University of Washington,University of Michigan  Ann Arbor,Carnegie Mellon University,University of California  Irvine,University of California  Davis,Ohio State University  Columbus,Cornell University,University of Wisconsin  Madison,Texas A&M University  College Station,SUNY University at Buffalo,University of Pennsylvania,Michigan State University
2018,City,New York,Los Angeles,Boston,New York,Champaign,Tempe,Los Angeles,West Lafayette,La Jolla,Boston,Berkeley,Richardson,University Park,Seattle,Ann Arbor,Pittsburgh,Irvine,Davis,Columbus,Ithaca,Madison,College Station,Buffalo,Philadelphia,East Lansing
2018,State,NY,CA,MA,NY,IL,AZ,CA,IN,CA,MA,CA,TX,PA,WA,MI,PA,CA,CA,OH,NY,WI,TX,NY,PA,MI
2018,Int'l Students,19605,16340,16075,15897,13497,13324,11942,10943,10652,10598,10063,9401,9396,9311,8726,8669,8064,8048,8020,7214,7189,7163,7121,7062,7052
2019,Rank,1,2,3,4,5,6,7,8,9,10,11,12,13,14,15,16,17,18,19,20,21,22,23,24,25
2019,Institutions,New York University,Northeastern University - Boston,University of Southern California,Columbia University,University of Illinois - Urbana-Champaign,Arizona State University - Tempe,University of California - Los Angeles,University of California - San Diego,Purdue University - West Lafayette,Boston University,University of California - Berkeley,Pennsylvania State University - University Park,University of Washington,University of Michigan - Ann Arbor,University of Texas - Dallas,University of California - Irvine,Carnegie Mellon University,University of California - Davis,Ohio State University - Columbus,Cornell University,Texas A&M University - College Station,University of Pennsylvania,Rutgers University - New Brunswick,University of Wisconsin - Madison,University of Florida
2019,City,New York,Boston,Los Angeles,New York,Champaign,Tempe,Los Angeles,La Jolla,West Lafayette,Boston,Berkeley,University Park,Seattle,Ann Arbor,Richardson,Irvine,Pittsburgh,Davis,Columbus,Ithaca,College Station,Philadelphia,New Brunswick,Madison,Gainesville
2019,State,NY,MA,CA,NY,IL,AZ,CA,CA,IN,MA,CA,PA,WA,MI,TX,CA,PA,CA,OH,NY,TX,PA,NJ,WI,FL
2019,Int'l Students,21093,17491,17309,17145,13962,13136,11447,11272,11173,11158,10695,9244,9236,9000,8787,8773,8694,7919,7894,7623,7370,7263,7261,7217,7172
2020,Rank,1,2,3,4,5,6,7,8,9,10,11,12,13,14,15,16,17,18,19,20,21,22,23,24,25
2020,Institutions,New York University,Northeastern University  Boston,Columbia University,University of Southern California,Arizona State University  Tempe,University of Illinois  UrbanaChampaign,University of California  San Diego,Boston University,Purdue University  West Lafayette,University of California  Los Angeles,University of California  Berkeley,University of Washington,University of Texas  Dallas,Pennsylvania State University  University Park,University of Michigan  Ann Arbor,University of California  Irvine,University of California  Davis,Carnegie Mellon University,University of Wisconsin  Madison,Ohio State University  Columbus,Johns Hopkins University,Cornell University,University of Pennsylvania,Rutgers University  New Brunswick,Texas A&M University  College Station
2020,City,New York,Boston,New York,Los Angeles,Tempe,Champaign,La Jolla,Boston,West Lafayette,Los Angeles,Berkeley,Seattle,Richardson,University Park,Ann Arbor,Irvine,Davis,Pittsburgh,Madison,Columbus,Baltimore,Ithaca,Philadelphia,New Brunswick,College Station
2020,State,NY,MA,NY,CA,AZ,IL,CA,MA,IN,CA,CA,WA,TX,PA,MI,CA,CA,PA,WI,OH,MD,NY,PA,NJ,TX
2020,Int'l Students,17050,15880,15015,14992,13015,12838,10824,10646,10500,10273,9184,8777,8475,8267,8252,7766,7422,7396,7139,6865,6723,6692,6562,6554,6511
2021,Rank,1,2,3,4,5,6,7,8,9,10,11,12,13,14,15,16,17,18,19,20,21,22,23,24,25
2021,Institutions,New York University,Northeastern University  Boston,Columbia University,University of Southern California,Arizona State University  Campus Immersion,University of Illinois  UrbanaChampaign,Boston University,University of California  San Diego,Purdue University  West Lafayette,University of California  Los Angeles,University of California  Berkeley,University of Michigan  Ann Arbor,Pennsylvania State University  University Park,University of Washington,Carnegie Mellon University,Georgia Institute of Technology,Johns Hopkins University,University of California  Irvine,University of Texas  Dallas,University of Wisconsin  Madison,Cornell University,University of California  Davis,University of Pennsylvania,Texas A&M University  College Station,SUNY University at Buffalo
2021,City,New York,Boston,New York,Los Angeles,Tempe,Champaign,Boston,La Jolla,West Lafayette,Los Angeles,Berkeley,Ann Arbor,University Park,Seattle,Pittsburgh,Atlanta,Baltimore,Irvine,Richardson,Madison,Ithaca,Davis,Philadelphia,College Station,Buffalo
2021,State,NY,MA,NY,CA,AZ,IL,MA,CA,IN,CA,CA,MI,PA,WA,PA,GA,MD,CA,TX,WI,NY,CA,PA,TX,NY
2021,Int'l Students,21081,17836,16956,15729,15293,12833,11798,11279,11198,10990,10664,9349,9313,8682,8196,8040,7893,7888,7741,7686,7579,7505,7400,7162,6723
2022,Rank,1,2,3,4,5,6,7,8,9,10,11,12,13,14,15,16,17,18,19,20,21,22,23,24,25
2022,Institutions,New York University,Northeastern University  Boston,Columbia University,Arizona State University  Campus Immersion,University of Southern California,University of Illinois  UrbanaChampaign,Boston University,Purdue University  West Lafayette,University of California  Berkeley,University of California  San Diego,University of Michigan  Ann Arbor,University of Washington,University of California  Los Angeles,University of Texas  Dallas,Johns Hopkins University,Pennsylvania State University  University Park,Carnegie Mellon University,University of California  Irvine,University of Pennsylvania,University of Wisconsin  Madison,Cornell University,University of North Texas,SUNY University at Buffalo,Georgia Institute of Technology,University of California  Davis
2022,City,New York,Boston,New York,Tempe,Los Angeles,Champaign,Boston,West Lafayette,Berkeley,La Jolla,Ann Arbor,Seattle,Los Angeles,Richardson,Baltimore,University Park,Pittsburgh,Irvine,Philadelphia,Madison,Ithaca,Denton,Buffalo,Atlanta,Davis
2022,State,NY,MA,NY,AZ,CA,IL,MA,IN,CA,CA,MI,WA,CA,TX,MD,PA,PA,CA,PA,WI,NY,TX,NY,GA,CA
2022,Int'l Students,24496,20637,19001,17981,17264,14680,13281,11872,11719,10431,10411,10198,9725,9582,9322,9161,9009,8984,8614,8567,8403,8200,7696,7671,7621